Sample,control1,control2,control3,control4,control5,control6,Atreat1,Atreat2,Atreat3,Atreat4,Atreat5,Atreat6,Btreat1,Btreat2,Btreat3,Btreat4,Btreat5,Btreat6
Treatment,CONTROL,CONTROL,CONTROL,CONTROL,CONTROL,CONTROL,A SAMPLE,A SAMPLE,A SAMPLE,A SAMPLE,A SAMPLE,A SAMPLE,B SAMPLE,B SAMPLE,B SAMPLE,B SAMPLE,B SAMPLE,B SAMPLE
Plate,PLATE 0,PLATE 0,PLATE 0,PLATE 1,PLATE 1,PLATE 1,PLATE 0,PLATE 0,PLATE 0,PLATE 1,PLATE 1,PLATE 1,PLATE 0,PLATE 0,PLATE 0,PLATE 1,PLATE 1,PLATE 1
1,15373.70431,12175.08757,18804.45528,12957.60142,15489.77143,16541.90435,4237.130079,14335.48368,8822.631215,13408.13235,9286.30688,12575.6629,9457.812573,2368.775713,3863.338103,4105.45546,4347.572816,3237.115587
2,14516.08906,13429.95825,27132.00929,14492.85198,20280.98377,12853.40277,21530.07522,38526.93815,29925.6626,38321.24997,30028.50669,25638.45251,3638.825727,3244.668396,2249.937172,1266.454739,282.9723066,2255.561568
3,11839.37657,4470.177057,12520.90593,6187.191651,8495.541494,22081.10059,418.8765493,1452.117996,3181.566122,5944.255694,935.4972727,3875.745297,26837.07844,6104.010737,4840.672633,9970.106162,15099.53969,8037.05845
4,5680.327376,4975.193216,14610.70818,5278.765087,9792.950698,4790.433732,9145.942887,14277.03906,12958.62821,16771.31354,11711.49097,23199.12875,2129.175702,1647.918582,1166.525781,829.858705,493.1916289,1238.888644
5,67609.42152,67872.65369,168076.4091,65930.57363,117974.5314,77713.43499,116493.6296,182058.2232,131915.2478,147336.8659,149275.9264,207962738,48738.71047,38109.29454,23250.74618,17308.01165,11365.27711,27708.6531
6,10067.25776,7653.585333,17143.37715,7966.913254,12398.48124,9561.009951,7771.043686,18409.74921,10438.63451,13106.22534,13090.39645,16333.78833,17040.47735,8324.770856,10825.27224,8588.052722,6350.833204,8456.411789
7,50640.83855,11892.01043,43634.71169,27982.47345,27763.36106,55135.2796,1319.31815,4330.514839,7580.34447,13841.37079,2824.916495,17579.74345,174964208,19664.77825,18988.11782,50938.24614,82888.37446,35301.5122
8,21864.31408,15565.31985,8374.454632,12201.42979,11969.88724,13073.1079,4158.640926,9194.459682,6882.757318,9606.873709,6676.550304,7758.309436,8.414206404,14.92153546,12.266478,11.85654,13.478914,13.38903773
9,48438.26018,21603.13342,64174.02918,36115.34231,42888.5813,26391.71034,33654.42655,68471.88307,33732.19187,33809.95718,51063.15481,76241.80508,19869.16298,17210.93424,10918.66991,12141.17264,13363.67536,14676.05344
10,651732.1446,519112.9063,965435.5399,494445.6296,742274.2231,408404.3345,621484.0386,1022491068,792571.2595,963658.4803,821987.5533,1137869969,868208.0351,476854.7987,605496.3941,523072.4231,440648.4521,499963.6109
11,1139.916121,792.3990071,610.8337861,958.7087427,701.6163966,1568.429076,3.772961176,27.78866849,1.886480588,202.3145,15.78081483,774.5683285,27089.64705,8319.85766,11543.74537,18903.50422,26263.26307,13611.68094
12,31830.88913,26732.26475,38597.93835,7452.868365,32665.10155,19058.00943,8141.655776,18033.78273,11215.02003,14288.38428,13087.71925,58002.91556,3225.655004,644.3055187,3515.46797,2068.61842,621.76887,1356.461969
13,1961.656136,1339.426392,1705.132753,3062.46722,1522.279573,1413.812871,565.5691207,1351.96656,631.8397041,698.1102874,958.7678404,1222.20747,4635.224567,30798.28482,29744.50097,15566.74912,1388.99726,23182.51697
14,6712.08064,5036.030535,8673.508904,5059.589297,6854.76972,6060.633039,5895.413784,9914.034698,7155.511567,8415.60935,7904.724241,12488.10994,44918.37804,24343.38596,24280.28185,23133.27152,21986.26119,23738.32874
15,5.613920358,16.54268693,19.30618509,13.6512,17.92443601,12.83489303,11.2652447,24.26237064,9.035332484,6.805420267,17.76380767,12.856214,53215.99941,7085.865382,6154.462899,21599.82058,37045.17827,14342.84298
16,17030.7194,15331.8085,15398.26859,14267.34312,15365.03855,14042.40839,1439.723646,6364.387471,3576.803781,5713.883916,3902.055559,2820.362671,690.9358719,6385.857425,7752.778712,9255.263281,10757.74785,7820.560353
17,11031.56852,8424.786293,23233.27665,8382.100226,15829.03147,10618.43728,11161.44912,25935.13726,16969.70705,22777.96497,18548.29319,20765.03674,3456.883663,2143.198821,2462.776463,1987.597773,1512.419083,2065.398297
18,294.1688344,278.1270974,429.2592936,214.27733,353.6931955,303.8025799,240.5115553,381.0048882,370.9553216,501.3990878,310.7582218,538.9465613,65164.84984,27253.92659,28773.20691,34090.74232,39408.27772,30672.33446
19,10910.69481,8269.045564,16643.61519,8368.076355,12456.33038,9536.484235,12671.1405,24825.39353,16030.43371,19389.72692,18748.26702,24877.02841,4275.485313,2967.102119,2811.947586,2220.014642,1628.081698,2593.558381
20,25908.49821,17841.91001,32132.29289,26905.6386,24987.10145,17994.18829,8558.068961,17641.26015,20392.96877,32227.86857,13099.66456,69841.5083,37874.4873,18928.65313,19603.31121,25617.16831,31631.0254,22272.91072
21,61.50963478,55.9706967,26.24859106,52.27587596,41.10964388,63.78220112,3.739286255,27.20233774,17.79338252,31.84747878,15.470812,22.20443294,15177.97582,6574.179617,10994.49295,11549.91618,12105.3394,9062.047899
22,12763.18037,19170.46959,16300.91145,15320.81457,17735.69052,13073.53058,7662.909921,10900.29991,10972.56907,14282.22822,9281.604916,12176.97931,18.46113948,7.40884204,3.675770039,5.473520199,7.271270358,6.44118112
23,939.1479433,617.0686944,867.5403269,955.5704073,742.3045107,765.3019376,141.330055,493.268491,213.1333119,284.9365688,317.299273,540.7239055,107018.3855,105042.9548,108595443,164994.9204,221394.3977,135018.9376
24,15010.07458,20880.72404,18478.77977,17934.91709,19679.75191,15704.82649,9376.8392,11671.61884,12952.48226,16528.12533,10524.22902,13025.6612,11.07668369,2.35145,35.122145,142236,45.1455,72.293725
25,15485.45991,15102.07808,11637.68036,17392.31456,13369.87922,15302.17396,8371.652014,9708.211873,10340.23955,12308.82708,9039.931944,13729.65632,2.321456,3.70442102,0.256544,1.81781759,3.635635179,2.761119305
26,229.0071035,224.3622635,235.1801445,319.9933264,229.771204,180.8807167,47.66920118,115.8051413,82.05930259,116.449404,81.73717124,133.5040507,16738.84583,9813.831949,8790.00478,12473.25998,16156.51517,11143.54596
27,260.0202309,194.1493131,262.8932626,204.0840917,228.5212879,203.6858244,29.56840702,145.5435556,85.17512601,140.781845,87.55598131,114.9352757,51684.37625,22902.40118,26884.70772,46003.83766,65122.96759,34453.11942
28,1405.404111,1600.304114,1303.265783,1376.15127,1451.784949,1642.40217,616.719364,1707.056413,1018.878846,1421.038327,1161.887889,1646.259172,54022.70958,19070.44953,22642.51837,36436.14693,50229.77548,27753.29823
29,23680.2305,19954.71335,18582.38968,23372.03445,19268.55152,17459.00876,10175.54064,10060.3779,12903.84466,15632.14868,10117.95927,18399.14022,15842.51582,11155.53856,10230.82113,13560.40694,16889.99275,12357.97275
30,14040.07476,11790.52559,11260.98752,14012.62484,11525.75656,10166.62973,5244.762534,12492.15435,7280.592389,9316.422243,8868.458442,11084.91472,20894.3627,11784.70012,15119.95422,19042.15777,22964.36131,15413.42895
31,1839.041818,1159.272334,1637.007391,1911.467195,1398.139863,1616.068899,354.4734011,889.2046651,540.3512643,726.2291274,621.8390331,1449.784926,299612.0019,92714.96324,91530.38358,216756.8812,341983.3789,154735.9222
32,17.71226138,19.88850039,33.13965469,13.29823025,26.51407754,31.00085403,8.889548076,46.36933183,14.3899021,19.89025612,27.62943995,105.6102056,13239.21567,1400.753579,885.5686871,12154.96647,23424.36426,6777.860025
33,14588.73413,18074.43431,19394.47769,15610.18488,18734456,16795.40094,8771.264277,15976.32052,11766.63511,14762.00594,12373.7924,13388.42478,72.70288364,48.5129119,4.179595306,39.37703016,74.57446501,43.94497103
34,24.4013138,16.88029363,18.7637116,35.64418431,17.82200262,29.98943472,7.540545077,40.79028335,12.2058951,16.87124513,24.16541421,24.03980193,23567.15664,7522.944929,8565.374024,22682.83498,36800.29594,15102.88995
35,1438.356943,1050.050892,1538.960071,1579.521512,1294.505482,954.1628798,246.9670367,485.7862049,356.2435633,465.5200898,366.3766208,686.3468118,321768.8372,322293.1485,134736.4346,313752.5539,492768.6732,318022.8512
36,321.7822431,189.3638936,455.075693,437.3700069,322.2197933,262.9494496,24.5081794,118.5992008,63.8086212,103.109063,71.5536901,190.3636427,88600.64663,41280.4761,75427.54481,102390.5121,129353.4793,71835.4941
37,2947.094749,3010.40844,2278.951675,2959.251266,2644.680058,3189.185826,1347.159618,2922.586908,1837.885516,2328.611413,2134.873263,2876.122883,79448.83194,37511.26189,39442.44748,59398657,79354.86651,48454.95945
38,630.0037978,351.1991003,632.1032817,806.5623559,491.651191,505.2735065,165.862386,215.1576431,205.742997,245.6236079,190.5100146,444.1169674,205062063,227075.3596,191123.9497,202322982,213522.0142,214699.1708
39,41391.18781,49259.11513,60010.82406,39535.81635,54634.9696,49790.17286,25869.11639,47935.32472,33347.9016,40826.6868,36902.22056,33738.04308,15.00156474,8.775690481,7.562145,2.156208306,4.312416612,5.465949394
40,99.97045354,40.8823084,104.4658345,198.2185381,72.67407145,101.7299773,26.09649323,25.73597747,36.47904769,46.86160215,25.91623535,64.19245793,55258.94746,35451.59444,19699.3082,44477.87653,69256.44485,39964.73549
41,1138.617161,796.2378687,1168.123768,811.7255151,982.1808184,742.2400077,267.3957802,578.9555936,379.9419205,492.4880608,423.1756869,611.7947156,12058.67538,6261.075607,9095.836113,8888.500594,8681.165075,7574.788101
42,158720.9156,138534.6587,156008.9712,122798.0613,147271815,177268.4092,103870.0793,173787.3841,121542.8723,139215.6652,138828.7317,130366.8153,0.1224562,1.2344566,8.2145566,1.021476556,3.3147511,1.127966578
43,360.0875202,325.3608765,636.3925265,539.7633602,480.8767015,361.3953102,173.4844848,496.8440894,272.1981457,370.9118065,335.1642871,363.4665421,125713.8418,54121.45344,35925.75259,81650.36235,127374.9721,67885.9079
44,133.1145959,69.37036691,135.0987052,99.44468398,102.2345361,7972.435931,24.86269422,74.17569788,52.73487029,80.60704636,49.51919605,118.3021085,41121.03868,13677.45208,9273.662316,17957.70893,26641.75555,15817.58051
45,1376.506852,1106.127476,1089.368504,1661.129871,1097.74799,1201.139966,221.5429827,484.2792566,356.3970722,491.2511616,352.9111197,1005.995755,377007.9464,143923.6969,127994.5935,238421.1772,348847.7609,191172.4371
46,2691.204648,1928.580995,2048.965217,2966.068422,1988.773106,2345.570483,748.442569,909.7177698,1011.531191,1274.619812,829.0801694,2055.607922,961887.5977,406688.1406,335986945,675222.7925,1014458.64,540955.4666
47,10.41041978,31.20756367,20.81361958,24.98520672,26.01059163,37.02495421,4.18191213,36.68603852,10.40838743,16.63486273,20.43397533,36.62555684,68540.93912,52704.89518,45482.07,97483.6198,149485.1696,75094.25749
48,4.164167126,16.64403892,8.325447831,16.65680448,12.48474338,2757.831546,4.18191213,4.076226503,2.090956065,4.621455621,4.129069317,8.13901263,14023.25885,12574.27688,11458.70104,26508.06438,41557.42772,19541.17063
49,10200.84652,7774.132491,13310.87162,32871.03703,10542.50206,5970.865292,2706.058392,6720.1116,2306.417282,1906.776172,4713.084996,7800.527377,1254.32115,812.332145,1621.12245,931.7501495,1863.500299,872.0411473
50,8484.889665,6977.901984,12283.34144,4666.765726,9630.621712,9696.74333,868.5561709,14090.75897,2623.252856,4377.949542,7479.65757,8055.428053,30191.2972,12777.46595,31686.98265,28421.63065,25156.27865,20599.5483
51,170.7491683,119.3359918,144.2886444,170.5980732,131.8123181,140.5346554,30.00362816,72.70149882,65.61095673,101.2182853,51.35256349,101.0726817,29731.86411,14628.34668,15805.71966,21413.87509,27022.03051,18021.11089
52,2216.960946,2231.197574,2084.525872,2206.100602,2157.861723,1771.472023,457.897838,1031.491178,663.5040013,869.1101646,744.694508,943.1144502,15842.16928,5992.297494,6283.679709,11254.63673,16225.59376,8623.467112
53,3.751208712,11.24545592,11.24960477,7.50872954,11.24753035,7.492149129,3.767800229,8.430638435,3.757092037,3.746383844,6.099219332,8.410118263,35270.73514,11975.08462,11641.45804,27882.12464,44122.79124,19928.60463
54,25.55799765,8.536499653,34.1116335,40.49670408,21.32406658,12.79746293,4.221427883,20.80544894,4.24078079,4.260133697,12.51343841,4.151289826,145291.0715,49482989,46516.30148,118048.8041,189581.3067,83765.89655
55,40260.68372,31423.12096,56851.32776,35585.01185,44137.22436,23799.30433,18614.63742,56888.82477,35983.04631,53351.4552,37751.7311,166978.2032,27677.68273,12499.51256,9600.050464,19921.35717,30242.66388,16210.43487
56,68.23414517,27.32915898,66.16793755,66.10170637,46.74854827,122.0614705,59.1531266,89.91536786,71.17135416,83.18958172,74.53424723,95.70001845,47084.50811,14930.77783,10227.21166,31344.98476,52462.75786,23137.8813
57,29.65903109,22.2425654,22.7798519,13.71121416,22.51120865,22.82531831,13.73665887,30.03893832,17.12852863,20.52039839,21.8877986,38.79143579,19895.74684,2261.512733,1499.105714,9668.670232,17838.23475,5965.091483
58,8271.875396,6878.665774,24717.54299,8384.493838,15798.10438,6680.960997,11600.48045,32981.0086,16435.13661,21269.79276,22290.74453,9799.340471,577.2446097,789.8600687,972.3877444,496.8475035,21.3072626,643.3537861
59,20662.92172,20715.33499,19582.02987,20642.37216,20148.68243,16628.51163,9840.147824,15842.7345,12784.82785,15729.50788,12841.44116,17582.57992,54.40919199,54.55751132,9.731627859,54.60657801,99.48152816,54.58204467
60,96480.87665,84162.61686,100940.0329,55479.29793,92551.32488,93394.40034,52748.28479,97899.82807,72993.26217,93238.23955,75324.05643,88673.40495,136.5215659,262.5661226,160.3429877,92.77191023,25.20083276,177.6690164
61,23274.1772,15473.2079,15373.4219,17739.67601,15423.3149,24406.21902,11831.19812,19572.68867,16509.79692,21188.39572,15701.9434,30224.73834,3.958818173,19.93388122,7.910104631,7.854403122,7.798701613,13.89414217
62,13260.75695,9544.071832,12385.54201,12130.08242,10964.80692,15113.34341,3630.89752,6280.353567,5161.695951,6692.494382,4955.625544,7960.963219,346.7954181,123.2113546,148.1110779,1089.959291,2031.807505,606.5853228
63,11519.92054,9894.042165,12330.6506,8630.808866,11112.34638,13424.0535,3593.819724,14678.74426,5088.811686,6583.803648,9136.281992,11480.00465,61954.30603,17503.2287,26756.96857,48302.07733,69847.18608,32902.65302
64,23655.43293,31864.75658,22912.42559,27822.5664,27388.59109,18599.39288,4454.155048,9137.639539,7732.953744,11011.75244,6795.897294,9757.744644,1019.599124,258.7828581,233.1734908,1062.438384,1891.703278,660.6106211
65,63606.04478,55413.05991,53777.34203,59334.41267,54595.20097,50991.22682,29432.99696,51585.50263,35229.09718,41025.19739,40509.2498,45914.55467,8.1215466,13.54337341,6.632145445,1.621511571,3.243023142,7.582442491
66,26783.20815,21825.23482,122911.8616,23837.50044,72368.54821,26943.40501,109466332,153407399,120616.3194,131766.3067,131436.8655,214652.8039,8977.011321,7261.607147,3403.092327,1991.79573,580.4991334,4626.701439
67,43139.2605,17113.66239,22761.66055,22090.06722,19937.66147,24040.15395,19841.78122,47583.97177,17773.25009,15704.71895,33712.8765,49567.65125,2.122345565,4.2546114,3.256654555,1.822639808,3.645279616,3.038625604
68,21719.24301,7361.419468,8524.502177,13823.13481,7942.960823,15014.93335,9059.387979,20511.58869,8123.373409,7187.358839,14785.48833,25970.21712,7.375848035,5.551751234,3.676914513,1.838457257,4.61232145,3.695104246
69,9358.727177,4930.512204,7786.807261,2867.926076,6358.659733,9076.32487,4786.668411,11583.31299,4771.895044,4757.121677,8184.990701,10590.26276,4.221325192,2.44552145,1.24456611,0.124656215,3.122456516,1.285088833
70,14983.99586,18249.31561,14716.85813,14559.87712,16483.08687,8574.620649,2158.491315,4589.234028,3465.850548,4773.20978,3373.862672,4515.205939,2571.909406,602.086617,430.1303958,1213.315457,1996.500518,907.701037
71,3790.781497,3866.875688,3215.193366,3734.588337,3541.034527,3752.05837,1818.695501,4007.930387,2679.481238,3540.266974,2913.312944,4198.060989,68587.00032,45865.56542,61001.83149,64694.44772,68387.06395,55280.00657
72,1416.562813,1646.488107,1314.336592,1331.77671,1480.41235,1555.163007,644.2825618,1537.797653,972.4532034,1300.623845,1091.040107,1587.354791,26036.09841,18510.7903,21718.42655,24218.62998,26718.8334,21364.71014
73,111826.5332,148373.2046,135040.3679,75844.33751,141706.7863,41507154,587089.9474,1185784028,436750.4447,286410942,886436.9877,317205717,9584.236607,11999.25167,12167.19213,9725.106358,7283.020586,10862.17901
74,10880.18804,11627.53733,9665.287655,10155.99279,10646.41249,11131.59427,4523.2309,12521.72596,7345.136135,10167.04137,8522.47843,12031.83523,304759.6843,136888.6873,149812.2271,233996.7352,318181.2432,185442.7113
75,51427.55236,78741.81908,61829.28707,30785.68374,70285.55308,18269.97603,277347.6722,563417.9998,203977.1663,130606.6603,420382836,148447.7792,4379.954531,5776.53868,5667.344913,4547.765897,3428.186881,5162.152289
76,3444.636796,3283.972153,3042.80977,3429.929186,3163.390962,3650.60828,821.9555046,1076.823694,1282.749525,1743.543546,949.3895993,1143.662399,23742.1987,11815.62929,11628.11787,16184.81542,20741.51296,14000.22236
77,15949.07796,12750.96317,44322.20805,14210.01098,28536.58561,16871.78341,21429.20292,45084.82519,33363.63813,45298.07334,33257.01406,63728.67898,6390.151006,4125.21649,2451.2696,1558.535216,665.800832,2841.875853
78,67426.6267,72024.51343,80871.8986,56032.60823,76448.20602,77521.59464,196233.1329,303600.8092,155065.2377,113897.3424,249916.9711,149387.0182,96374.17392,72978.36652,45856.16499,62261321,78666.47701,67619.84376
79,17062.25704,24570.70205,22249.3897,15695.41392,23410.04588,20589.00476,4851.94746,8725.406765,6937.653095,9023.35873,6788.677113,10512.18893,1872.713226,16045.79657,14643.82092,18958.85887,23273.89681,17502.32772
80,61.42627394,56.39263047,53.79881994,33.31929698,55.09572521,30.70782682,19.20904412,73.93989468,40.28799131,61.3669385,46.5744694,93.18235034,17272.45516,5469.472776,5979.654138,13111.79573,20243.93732,9290.634253
81,8499.869169,8231.036305,7705.284765,8015.807586,7968.160535,6914.298981,1597.298388,3525.157732,2625.415211,3653.532034,2561.22806,3886.233864,54242.45673,29035.02347,21714.37115,41931.5266,62148.68205,35483.27504
82,1104186041,537083.3974,1814345426,786127.9155,1175714412,765895.2337,1451631762,1720494251,1654535828,1857439893,1586063007,2306891073,1228509942,494455.2372,818444.2495,714715.3507,610986.4519,604585294
83,16904.89939,19178.9875,13918.40969,18152.20421,16548.6986,18328.26304,4666.254612,8562.459491,6694.767516,8723.280419,6614.357052,9396.946779,786.0934281,424.7582586,262.2122195,1041.362574,1820.512928,733.0604163
84,23105.32855,11384.9101,42072.14811,13416.1208,26728.52911,16858.60035,29283.76311,44152.21404,29900.46117,30517.15922,36717.98858,58915.37184,29608.63595,8876.451161,17176.79619,13832.71292,10488.62965,11354.58204
85,44912.68094,61399.08123,51900.82346,47550.07799,56649.95235,52504.19867,145710.8884,233186.0959,119792.4413,93873.99413,189448.4922,120402.3929,53891.19551,49576.11737,38970.37228,46769.15882,54567.94536,48172.6381
86,3496.021459,1703.010955,17750.25317,2241.555332,9726.632063,2477.493452,9958.679763,29877.38027,13288.90471,16619.12965,19918.03002,17151.95612,940.3349531,593.4301092,686.2895428,466.0404202,245.7912975,529.7352647
87,6572.960838,5328.307081,6668.542131,5965.912616,5998.424606,9293.769134,3110.957606,8076.234717,4945.962374,6780.967141,5593.596162,8178.318996,38824.60147,12507.51405,13959.95103,25557.82622,37155.7014,19032.67014
88,13.7025549,4.577110862,9.140253173,13.71660998,6.858682018,31.96679697,7.537732825,9.113304995,15.1711904,22.80464797,8.32551891,13.65214852,20988.07917,2660.304842,4045.035257,18873.93683,33702.83841,10767.12084
89,5386.64984,6096.52328,5369.296037,5646.424762,5732.909659,4290.47899,1299.429272,2082.997718,1649.254287,1999.079301,1691.213495,2097.659557,33764.16436,15141.36132,13264.11021,28595.37715,43926.64409,21868.36924
90,10070.93789,10740.99347,11107.70573,8131.270117,10924.3496,12172.68296,19245.75127,39821.65602,18464.7803,17683.80932,29533.70365,21303.65587,12716.88262,7601.064009,5883.323328,8887.726694,11892.13006,8244.395352
91,5463.072796,3851.207659,6124.487636,4237.869415,4987.847648,5613.976525,4450.018266,5420.342696,5199.650139,5949.282012,4935.180481,5651.423209,19298.40894,24577.15388,23348.18537,24064.79293,24781.40048,24320.97341
92,3812.946691,3533.139593,3261.387052,3379.830281,3397.263323,3175.220292,861.8680168,1517.664226,1263.31618,1664.764344,1189.766121,1734.056578,29436.99494,10154.87203,9425.998987,18330.38791,27234.77684,14242.62997
93,11.22144361,14.67367396,23.12297358,18.7265883,18.89832377,54.58456868,55.75552823,169.0598395,59.35332876,62.95112928,112.4076839,60.21154921,13970.34161,8636.205242,7084.990888,11011.82848,14938.66607,9824.016861
94,6155.043073,6981.721494,5879.887295,6964.868588,6430.804395,5203.449133,1540.172949,2958.513871,2318.227522,3096.282094,2249.34341,3306.301421,58926.50966,22816.58961,19805.74248,39689.04835,59572.35422,31252.81898
95,23337.83192,21661.99419,19920.65398,17755.33095,20791.32409,17765.99837,3115.080898,6321.500146,4358.620135,5602.159372,4718.290522,6330.920547,251.1456221,68.7036375,38.87868786,313.0094728,587.1402577,190.8565552
96,214415.1121,136102.1288,204428.1917,187947.8614,170265.1603,125762.51,60237.06388,105170.7835,60732.90353,61228.74317,82703.92369,107627.1239,1084737.61,619655.1357,653382.7552,881948.8291,1110514903,750801.9824
97,18501.34321,18277.86208,16174.04727,17525.09997,17225.95468,16924.45712,4820.292107,8525.611213,6889.779446,8959.266785,6672.95166,10845.88153,132507.0607,58380.61734,70573.12091,99628.41631,128683.7117,79004.51683
98,99456.10891,96341.43785,97215.22999,81594.46116,96778.33392,57787.34072,33080.60674,54352.94877,33364.91211,33649.21747,43716.77776,72308.70517,99.36589389,3.942499824,23.83605257,1062.903614,2101.971176,533.4230569
99,2072.899837,2133.092484,1805.068982,1937.174335,1969.080733,2025.209499,540.2873516,1244.270329,804.1112298,1067.935108,892.2788403,1271.589203,14398.06208,4482.162867,5978.696834,8764.600892,11550.50495,6623.38188
100,33972.80495,34601.04597,32775.34266,29853.82654,33688.19432,26737.92753,7429.203498,12196.47341,8928.806484,10428.40947,9812.838454,12424.0838,438.358049,171.5186162,101.5163312,578.3599346,1055.203538,374.9392754
101,8643.298689,8271.758868,7425.970019,8189.433581,7848.864444,7300.475936,2025.782194,3591.577427,3098.499558,4171.216921,2808.679811,4629.208179,34336.12382,16884.78289,18593.68665,30301.27559,42008.86453,23593.02924
102,33660.6957,39305.96439,22152.02279,16736.65702,30728.99359,39220.20177,6555.141379,11885.6195,9808.93078,13062.72018,9220.38044,11106.76719,1066.008323,220.564646,87.96370683,866.1297764,1644.295846,543.3472112
103,28528.90951,28404.6396,15282.69553,16074.49084,21843.66757,15403.58323,5723.759625,12689.01127,8293.827868,10863.89611,9206.385448,13030.6558,431.4649212,177.7446947,297.4914328,705.7907424,1114.090052,441.7677186
104,116.0470247,132.4734226,152.2514781,105.718461,142.3624504,30.99441945,35.74791296,54.75365483,38.90644389,42.06497482,45.2507839,35.00481258,19890.48582,6727.615694,5974.488801,9751.983451,13529.4781,8239.799573
105,13840.35743,12821.58474,12583.36677,13060.77347,12702.47576,12475.50813,3786.254921,7658.024967,4897.019107,6007.783293,5722.139944,8743.834224,96.32063957,32.46315632,23.58991292,128.2522766,232.9146402,80.35771646
106,1034.368842,634.6181443,515.3767422,695.0568053,574.9974433,695.6878735,291.4379777,485.5173381,349.1431989,406.8484201,388.4776579,414.5431803,52677.41081,31368.89661,25465.7376,38775.38025,52085.0229,35072.13843
107,1563.721587,1552.891953,1252.697179,1497.601702,1402.794566,1385.721018,369.8407476,747.2122038,552.2130094,734.5852711,558.5264757,753.1396613,16303.93888,4946.332463,5385.816344,11102.08615,16818.35596,8024.209307
108,21358.23728,20421.41736,18015.09323,18095.60926,19218.2553,22884.39719,3419.675941,5170.612045,4468.862862,5518.049782,4295.143993,6372.14405,852.7169138,339.4061965,238.3264019,986.9700215,1735.613641,663.188109
109,22711.74603,19848.8793,20282.92902,22866.98663,20065.90416,18053.58851,4861.807967,11090.9752,8073.966209,11286.12445,7976.391584,11173.2115,114422796,58491.19947,59829.90143,86008.05537,112186.2093,72249.62742
110,237066698,189769.3191,201581.7297,201810.4644,195675.5244,179575.5631,67368.67774,104325.4531,76315.33324,85261.98874,85847.06542,85083.1057,413.0330746,57.78223485,96.36451863,1325.897114,2555.42971,691.8396744
111,232121.4919,156289.8832,215173.9034,177563.9833,185731.8933,159881.0137,67605.38026,40576.98208,76388.4492,85171.51814,54091.18117,87910.49928,313.647822,35.75157376,31.82738706,861.4528275,1691.078268,448.6022006
112,154106.5906,89137.65702,90681.51024,84340.46164,89909.58363,80871.86881,23922.85205,38802.72967,27239.36111,30555.87016,31362.79086,33523.18722,96.44796847,5.046973351,471.945321,594.8306135,1189.661227,299.9387934
113,101414.1678,82996.02644,98594.16165,78561.37823,90795.09405,85404.36184,28337.56012,49696.07807,30575.2185,32812.87689,39016.8191,38472.28202,99.26714476,29.73474234,14.95654068,460.4399554,905.9233701,245.0873489
114,22.1807856,22.53622686,15.75854478,9.408391059,19.14738582,44.26954996,7.522287069,7.520588042,19.87890589,32.23552472,7.521437556,10.70914405,27553.29175,11759.3944,10970.91544,23067.82171,35164.72798,17413.60806
115,48211.00502,52858.96249,47142.15855,28252.80046,50000.56052,36217.08744,9760.301945,20448.86992,14146.10071,18531.89948,15104.58593,19465.96499,308.0545791,94.47513717,69.53458433,527.1491729,984.7637615,310.812155
116,82666.80946,77919.17791,79912.48538,73942.69152,78915.83165,67268.5204,17601.30852,32391.45908,24669.5149,31737.72127,24996.3838,37277.06786,392.6742241,155.5565027,117.6757768,2202.752685,4287.829593,1179.154594
117,41735.19311,34484.06099,33409.15833,34802.24367,33946.60966,33265.9304,8460.407803,16490.31409,11986.58118,15512.75456,12475.36095,17605.18812,523.2485091,134.9158266,100.4739942,1211.283322,2322.09265,673.0995743
118,89802.12666,69697.55008,87010.28073,77503.89866,78353.91541,73044.40514,20336.25763,39435.09398,27038.83577,33741.41391,29885.67581,38630.65156,303.1669684,87.19458491,39.79595289,1631.07781,3222.359668,859.1361975
119,230940.2578,207605.4434,211421.6273,184743.6405,209513.5354,169508.3309,43118.67628,55011.7406,61475.28823,79831.90017,49065.20844,62778.0773,718.0395327,175.1723785,80.70247583,5221.635313,10362.56815,2698.403846
120,41540.92561,38871.10375,37466.04606,34991.51344,38168.57491,38389.22147,10351.6461,18848.76182,13954.56237,17557.47863,14600.20396,20844.47384,419.1600811,263.9869365,141.2601983,926.0409152,1710.821632,595.0139259
121,98136.31953,96532.83508,85199.48182,77593.46246,90866.15845,84299.11602,20147.06089,39324.21822,26289.06212,32431.06335,29735.63956,25165.8702,1336.981563,343.9241029,371.7858766,3096.403797,5821.021718,1720.16395
122,31610.3725,27924.2156,29835.01868,32499.38316,28879.61714,28655.06098,8491.861289,18181.67849,12423.71635,16355.57142,13336.76989,18154.89923,118.2789237,9.508752749,68.85803256,433.1401038,797.422175,221.3244283
123,49529.50174,46001.38886,50892.29512,45813.21985,48446.84199,49150.93014,13332.89564,25465.08716,19075.52993,24818.16422,19398.9914,28165.98514,300.2139391,69.3570853,29.2227044,2423.687188,4818.151672,1246.522137
124,24938.11683,21593.89256,24586.64593,19375.44818,23090.26925,22297.9435,6431.784669,11850.74571,9191.866835,11951949,9141.26519,12431.89051,257.4338848,201.6486872,137.2209908,1316.802854,2496.384717,759.2257706
125,31430.36287,31705.25737,30103.19396,33480.93539,30904.22567,30836.83905,10040.75589,21141.18684,14408.19815,18775.64041,15590.97137,23110.51128,45.05177784,47.43343802,17.70002674,250.7075986,483.7151704,149.0705183
126,124015.2063,115476.5021,133854.3394,181006.9813,124665.4208,96331.10046,46988.14913,118836.5611,53004.00529,59019.86144,82912.35512,67586.24352,3375.541842,189.9742271,122.6946504,1244.646846,2366.599041,717.3105366
127,87927.49595,57865.85544,80590.4601,49497.68153,69228.15777,45474.48277,22359.80539,28561.81806,25010.5478,27661.29021,25460.81173,32225.64615,1616.631689,86.12445921,45.47027583,507.1781506,968.8860253,296.6513049
128,13613.24155,11107.48928,11152.4643,10528.65228,11129.97679,9892.053794,2632.851051,4850.630221,3756.782258,4880.713464,3741.740636,5586.643933,67473.72237,31393.42054,27714.21847,40785.01127,53855.80406,36089.21591
129,1262063183,1217012499,1264332722,1084361064,1240672611,1135854872,341568.2157,786469.3167,518412.3742,695256.5327,564018.7662,535322.4872,3682.645577,146.8213461,218.126872,22415.65643,44613.18598,11281.23889
130,5879.728124,6993.34465,6641.583063,6357.568603,6817.463857,6438.257098,1746.639349,3483.381332,2461.164981,3175.690612,2615.010341,3762.986624,2946.452175,15730.07786,13254.59302,20772.57814,28290.56325,18251328
131,603573.7354,364445.3368,606933.4919,526460.6629,485689.4144,543898.8825,165926.8527,380010.7012,251651.6658,337376.4788,272968777,361897467,1689.792945,62.73013941,52.85405759,9737.681009,19422.50796,4900.205574
132,139065.7277,124718.3835,139277755,143966.6791,131998.0693,122048.1693,46180.46911,61058.15715,64423156,82665.84289,53619.31313,99478.05305,496.5826508,65.43187073,31.1443054,1998.090042,3965.035778,1031.760956
133,31852.97128,43369.48186,47429.22265,33240.16958,45399.35226,51589.89055,17400.97261,35174.82595,24876.45649,32351.94036,26287.89928,39264.1971,218.6839556,136.4921038,63.02659106,1804.940162,3546.853733,970.7161329
134,30023.49932,25848.7753,28321.62493,12803.98676,27085.20012,24045.76357,12429.98932,18514.8895,12343.6232,12257.25707,15472.43941,16499.74387,37.20669072,37.5079671,8.744992634,627.7776228,1246.810253,332.642795
135,14621.88164,20222.96301,22566.21345,15273.93631,21394.58823,18831.26349,8341.85803,16907.96636,11687.84432,15033.83061,12624.9122,18085.38737,134.7747736,87.08069435,88.53804338,946.5727697,1804.607496,516.826732
136,46189.16267,36041.8071,31167.17266,37625.34085,33604.48988,53596.59781,18590.77059,36325.22103,21548.49985,24506.22911,27457.99581,38440.41347,216.013978,58.11349955,80.62012008,403.1359418,725.6517636,230.6247207
137,18610.76348,24296.88044,17217.9596,18718.31531,20757.42002,26533.59176,10221.72141,13882.28342,14334.90722,18448.09302,12052.00242,19769.97178,111.4597413,57.73598185,8.628910818,480.6123935,952.5958761,269.1741877
138,47277747,47974.95574,41542.26067,44595.00314,44758.60821,39597.06313,11716.53602,23615.62784,17544.99973,23373.46343,17666.08193,24225.7514,633.2315724,145.952296,116.2382273,903.5977062,1690.957185,524.7750011
139,49440.86649,47794.32306,41963.30787,42708.93566,44878.81547,37150.10377,10841.48046,16323.95535,14019.58722,17197.69398,13582.71791,18753.85004,751.8363569,238.0459176,214.000673,1913.113084,3612.225495,1075.579501
140,16273.78962,17308.21314,15120.30546,15120.92611,16214.2593,11779.63144,2731.968755,5821.479649,3675.902813,4619.836871,4276.724202,4814.470421,18280.52138,7226.049853,7253.101331,12161.07672,17069.0521,9693.563287
141,134174.2112,66625.1476,76736.54163,119730.6547,71680.84462,70342.68855,36249.87497,40328.86979,36048.38608,35846.89718,38289.37238,69286.0839,212.4652833,33.91379815,83.25721914,1543.549774,3003.842328,788.7317861
142,104518.7361,100808.3838,105152.2914,97799.56449,102980.3376,92069.01641,20511.1973,32546.36121,27731.60419,34952.01107,26528.77926,37668.04181,419.9641828,92.59607623,135.2352164,3384.156362,6633.077508,1738.376219
143,55172.59987,37712.42581,48847.77905,38022.9048,43280.10243,36804.5193,10613.07409,27781.94635,14926.43884,19239.80358,19197.51022,31660.18355,89.79991594,54.18993813,13.69444868,174.3008696,334.9072905,114.2454039
144,24203.57312,18507236,24104.83105,24247.97971,21306.03353,24378.62473,7044.505084,11981.35596,8104.929812,9165.35454,9512.930522,15579.7496,131.2576355,44.73310009,31.46609384,222.2118023,412.9575108,133.4724512
145,63473.74357,18996.74357,56388.65237,61535.4416,37692.69797,61556.4499,22798.35624,50153.6498,26552.3361,30306.31595,36476.00302,31535.27803,231.4758992,54.6035567,14.1834118,578.7440139,1143.304616,316.6737853
146,21341.80431,13521.01476,41168.02359,38209.9746,27344.51918,40618.88393,12611.50443,26229.50145,19198.43422,25785.36401,19420.50294,25704.27888,662.5232165,32.58991795,24.75320374,633.4472969,1242.14139,333.0186074
147,713632.7879,706722.3172,688312.8425,593900.8844,697517.5799,585249131,198597.0402,346233.8818,258289.8519,317982.6635,272415461,317323048,1851.638186,73.29613857,100.4382426,10873.97058,21647.50291,5473.633359
148,98086.84911,91503.03264,83902.22033,92232.5392,87702.62649,98841.96718,25981.87841,48897.76617,35246.73013,44511.58184,37439.82229,48315.94608,401176.3956,248243.8272,251858.1092,300964.2793,350070.4493,274604.0533
149,629197.0485,598660.2766,620749.5351,564755.9488,609704.9059,609611.8551,235761.0935,366785.1254,281538.1946,327315.2957,301273.1095,359880.7912,1872.66988,71.4067713,164.1604313,12666.49192,25168.8234,6368.949346
150,74439.79759,52808.44579,63802.09579,59296.84376,58305.27079,64668.06844,16694.18526,31781.69786,20198.01808,23701.8509,24237.94156,32361.41833,108.1095369,61.33439211,21.41445967,358.3130764,695.2116931,209.8237343
151,90782.31538,81739.49979,89648.39512,78916.82144,85693.94746,82440.26116,36485.17762,49692.46732,39741.44772,42997.71781,43088.82247,47483.52744,446.8597834,73.14251555,51.94240851,1591.569918,3131.197427,832.3562168
152,41354.79148,37980.93936,27037.52736,41290.57878,32509.23336,40559.35862,13787.36408,18936.7249,18460.20465,23133.04521,16362.04449,24385.97105,114.1307656,67.03079179,15.42684269,427.9922737,840.5577048,247.5115327
153,28349.6334,19990.44269,26727.9443,30209.86353,23359.1935,20167.76091,11039.71106,19394.92153,15212.82207,19385.93307,15217.3163,19563.51615,338.0408868,36.20502403,34.5065232,723.2795831,1412.052643,379.7423036
154,36742.49592,34720.37049,32458.11443,37552.24971,33589.24246,48519.81307,13464.24355,32974.38996,18388.89089,23313.53822,23219.31676,35504.35744,33.57825623,22.14127151,9.918350894,1014.471792,2019.025234,518.3065318
155,6338.265916,6843.565452,5431.712977,6588.185676,6137.639215,84085.20237,2971.874825,4220.694298,4078.972281,5186.069737,3596.284562,4918.832152,21087.35752,9766.823536,6646.205652,17751.25032,28856.29498,13759.03693
156,15055.27732,14137.61359,13631.82199,16395.51314,13884.71779,24310.12015,3846.041433,7492.651636,5509.474491,7172.907549,5669.346535,8250.649515,34.44454621,41.18410063,48.68178878,352.0323007,655.3828127,196.6082007
157,9259.714124,9401.310986,8168.877518,10665.75793,8785.094252,10427.52694,2645.938882,4655.786441,3863.704811,5081.47074,3650.862662,5088.459274,45051.93928,18043.39146,18157.84382,29558.39466,40958.94549,23800.89306
158,35918.8662,46615.57851,29657.50204,38280.37169,38136.54028,39671.96064,7959.29639,12192.38879,10593.83122,13228.36604,10075.84259,16176.29786,110.9944709,24.17782088,4.506914921,491.812773,979.118631,257.9952969
159,4271.57437,4129.21681,3512.888063,4207.346492,3821.052437,8177.811124,1108.951605,1951.981422,1595.690836,2082.430066,1530.466514,2139.796584,23198.42072,9543.588967,10188.98217,15289.81329,20390.64441,12416.70113
160,59546.31302,52385.44858,34339.32913,60771.60984,43362.38886,60600.94385,27956.62305,54643.41335,28539.67972,29122.73639,41300.0182,57684.86323,196.1811281,7.447358013,12.08374115,692.9652866,1373.846832,350.2063223
161,30355.32755,26632.88008,17911.33723,30292.42927,22272.10866,18572.9377,13763.38189,28012.5322,20151.64475,26539.9076,20887.95705,28913.32948,167.6093718,11.17103702,22.3968202,380.0534372,737.7100542,195.6122371
162,34507.16162,35051.44313,56241.62543,43418.91968,45646.53428,24963.33346,25033.71952,51730.42141,29006.2194,32978.71928,38382.07047,45661.32318,664.798246,214.339849,142.0096105,1048.960791,1955.911972,631.65032
163,8016.963574,8961.696511,3819.74309,7716.210917,6390.719801,4730.346461,1634.047855,3150.412184,1762.624156,1891.200456,2392.23002,1819.782326,34626.35834,14430.50312,14650485,21868.16692,29085.84884,18149.33502
164,34531.23924,33448.82963,33277.80957,34189.40986,33363.3196,31412.80556,10237.80202,22991.90813,16688.84665,23139.89128,16614.85508,26979.33445,107.9070151,30.51126342,22.30558365,695.0735778,1367.841572,362.7924206
165,7809.580788,8692.867592,7162.075201,8536.185581,7927.471397,7747.757004,2169.736406,4320.766235,3010.315035,3850.893663,3245.251321,4293.670821,52404.08749,24567.89774,29242.33901,40064.36039,50886.38177,32316.12907
166,25487.92557,23277.56477,23266.82141,24101.64145,23272.19309,28173.93425,6577.617909,12738.89422,7411.977797,8246.337684,9658.256065,11699.77533,183608.0187,88534.37958,87755.93938,106455.6056,125155.2719,97494.99259
167,145335956,147537.8216,139704.2603,124234.7361,143621041,82716.78011,24464.68955,58712.38746,38615.08191,52765.47426,41588.53851,36794.45156,175.2761806,25.48112729,4.283377975,1792.019131,3579.754885,908.7501291
168,97798.8952,99256.43621,87975.64224,99295.37994,93616.03923,92877.8326,27149.61051,47979.61757,35620.83073,44092.05095,37564.61404,49726.68188,445062.9628,255417.5025,271432.9454,312304.0611,353175.1767,283860.7818
169,67394.1175,49615.8943,55851284,42026.33159,52733.58915,45848.55134,12293.9397,27301.37672,17137.70585,21981.47199,19797.65821,23273.44951,512.1231475,25.29093826,20.29900575,552.7830499,1085.267094,289.0369941
170,182860996,180081.7955,195879.8458,178159.2188,187980.8207,215697.1409,71365.46602,101538.8818,85900.61151,100435757,86452.17391,102354.1648,947354.1768,599747.7943,553144.2055,699967.1851,846790.1646,649857.4897
171,32863.3525,29604.77124,31261.25918,27679.9232,30433.01521,28903.07692,11277.16277,11414.49046,10324.19046,9371.218145,11345.82662,14207.0995,20605.61689,15843.09854,13325.49805,17095.55323,20865.60841,16469.32589
172,10451.05791,13388.67815,9307.167294,14133.18495,11347.92272,14203.60054,4185.150392,9598.924949,5829.473499,7473.796606,6892.037671,11663.0846,22.78596872,38.7624192,51.66102539,211.698531,371.7360366,125.2304751
173,15551.57597,17807.26506,17627.21321,20441.59329,17717.23914,15349.12793,6377.474258,15499.4772,9178.410744,11979.34723,10938.47573,13211.90246,163.901071,44.02130582,34.71197578,478.0576885,921.4034012,261.0394972
174,40943.83366,34557.73571,39803.33055,38124.08926,37180.53313,37031.32261,17661.00554,29249.12179,23788.54277,29916.08,23455.06367,31691.07888,986.566749,285.2777495,316.0992321,1579.551464,2843.003695,932.4146068
175,13148.39524,14796.77547,11821.5468,12387.50778,13309.16114,14849.85879,3448.200648,6665.313186,5295.209818,7142.218987,5056.756917,7195.147243,9786.256172,4527.247182,3878.112094,7320.885982,10763.65987,5924.066582
176,14793.0672,13938.84121,13814.66256,16304.90531,13876.75189,336195.6198,6135.182773,9687.489433,8728.769267,11322.35576,7911.336103,9979.496709,20752.57444,8617.791866,7156.180458,14215.99208,21275.80371,11416.89197
177,5616.44996,5737.07672,5172.304087,5987.907516,5454.690404,5872.923048,1797.136462,3341.539615,2443.711735,3090.287008,2569.338039,3014.656608,33007.93792,14280.46785,14188.29258,15770.46077,17352.62896,15025.46431
178,27104.28741,54518.78135,27354.89074,54692.06509,40936.83605,44632.56792,19180.90008,43334.25158,25837.3624,32493.82472,31257.57583,40841.70344,246.9758121,7.537256905,63.68797786,520.1218417,976.5557056,263.8295493
179,50.65124651,90.20432916,24.79897635,100.6607758,57.50165276,2.608680405,37.18573061,51.02041001,65.67883248,94.17193435,44.10307031,48.39321638,20485.29167,8245.148033,7672.709205,13358.18891,19043.66862,10801.66847
180,23065.17773,29956.12937,21549.24305,17211.3986,25752.68621,22027.90376,7187.401111,23196.81964,12598.57895,18009.75678,15192.11038,23906.16649,337.9352067,303.5141023,100.4927481,375.0885062,649.6842642,339.3013043
181,39019.47201,36310.49218,27259.94733,18159.29731,31785.21976,42006.83306,19943.40607,30006.56899,28842.9836,37742.56113,24974.98753,12065.17107,654.5643533,114.9099267,75.19080518,949.3729791,1823.555153,532.1414529
182,1108.265097,1003.621459,1115.740562,993.6319987,1059.681011,905.118519,349.5135756,531.7075936,399.1721474,448.8307192,440.6105846,483.2512233,42027.15184,20606.0518,16857.48311,26587.85989,36318.23666,23596.95585
183,16409.88844,18710.03441,12835.29011,16223.14943,15772.66226,14586.97579,3998.195847,9227.691161,6320.816407,8643.436967,6612.943504,9270.965883,119.9228211,3.816648951,7.670094114,82.56583836,157.4615826,43.19124366
184,16376.96191,29249.47353,15401.17873,16931.19357,22325.32613,29648.41585,8030.396151,16218.88644,12375.32835,16720.26055,12124.6413,19778.5152,167.0600122,21.2108057,11.6589961,310.5658423,609.4726884,165.888324
185,1732.122558,1654.237572,1812.007409,1714.541666,1733.122491,1530.413151,484.441642,893.7213017,697.715637,910.9896319,689.0814719,893.4876502,25874.2329,20384.64802,16470.97084,21086.13946,25701.30808,20735.39374
186,8838.958081,9409.110447,7895.237562,9142.301478,8652.174005,8749.531994,1711.400196,4003.703292,2961.762232,4212.124268,2857.551744,4642.750703,42005.20317,19871.39871,25704.43759,34018.96933,42333.50106,26945.18402
187,975.8603615,969.3946104,927.1679118,950.2909312,948.2812611,2128.279537,126.5829217,279.3713057,261.8429265,397.1029312,202.9771137,431.7106157,9734.599837,3314.346049,3296.642731,5482.64507,7668.647409,4398.49556
188,5039.825897,5358.356928,4482.697286,5137.716587,4920.527107,5094.000661,882.9695943,2032.371994,1600.463035,2317.956476,1457.670794,2594.97007,21840.52695,11446.44324,10341.48225,16274172,22206.86174,13860.30762
189,7736.599761,7668.100814,7570.395688,8336.008339,7619.248251,8179.479025,1984.964934,3296.515943,3111.148671,4237.332408,2640.740439,4289.914941,44982.89596,12777.78622,25194.66422,32692.07301,40189.4818,22734.92962
190,11011.53764,18290.61704,9868.528558,15487.16109,14079.5728,18840.65096,4007.366146,8205.244362,6184.69721,8362.028274,6106.305254,8115.977882,9073.282609,3772.383488,3294.535954,7009.090892,10723.64583,5390.73719
191,31.2145622,22.69439249,45.07157937,15.627538,33.88298593,25.1224465,39.60244834,58.24455113,46.12428845,52.64612856,48.92349974,69.95165173,18886.64317,9611.866168,7915.758911,13661.44277,19407.12663,11636.65447
192,34787.83956,36090.88218,29399.83957,31639.3417,32745.36088,156608.2774,7783.116343,18108.7697,13387.93509,18992.75383,12945.94302,19341.79466,6707.507922,3255.936446,2824.634418,6221.19446,9617.754502,4738.565453
193,2330.981125,2360.746725,1988.909149,2123.083493,2174.827937,2085.412787,513.7563605,1043.766195,775.4467278,1037.137095,778.7612778,1024.425009,13961.24589,5356.907744,4326.295747,9202.315839,14078.33593,7279.611792
194,49350.73841,41150.82332,45036.60263,97000.86945,43093.71298,20316.34238,29614.21319,39855.57908,37064.56132,44514.90944,34734.89614,30110.77959,3137.736153,1216.691797,1145.6406,2104.078308,3062.516015,1660.385053
195,42093.7476,49226.00331,40041.64686,43375.22551,44633.82509,95698.70289,9484.855774,24262.05307,17686.57662,25888.29747,16873.45442,22576.23212,15811.06641,6945.219289,6379.424641,12364.58368,18349.74271,9654.901485
196,27050.93191,31117.22755,25290.33602,27669.72291,28203.78179,60326.69857,6380.418432,15178.20115,10724.97776,15069.53708,10779.30979,13549.59902,9859.653875,4506.818492,4004.573997,7860.787564,11717.00113,6183.803028
197,24546.31072,22165.89155,21902.47889,24351.12416,22034.18522,421905988,6334.747783,13304.87292,10321.47224,14308.19669,9819.810352,14865.69266,2808.500231,1270.16758,922.3473367,2723.90484,4525.462344,1997.03621
198,11371.93658,9339.289191,10804.53344,11690.80664,10071.91132,10999.51344,2362.037975,3549.363123,3462.39893,4562.759885,2955.700549,5144.575229,23.01493092,47.25082771,5.695693795,286.5771442,567.4585946,166.913986
199,22516.07126,32445.68156,22985.66611,23817.18496,27715.67384,21120.59755,6031.655486,13121.58108,10614.13247,15196.60945,9576.618283,12038.14955,8725.471204,4422.53565,3993.439593,8669.499987,13345.56038,6546.017819
200,14676.57593,17800.69001,14777.68457,14888.22797,16289.18729,13782.86057,3832.618713,8177.948268,6729.286942,9625.955171,6005.283491,7345.101756,5963.981992,2999.825775,2468.781904,4776.310197,7083.838489,3888.067986
201,21199.26709,19512.34538,17008.86817,21622.81635,18260.60678,19460905,5812.894928,18601.4993,11333.37377,16853.85261,12207.19711,14386.64595,36.3314511,11.28359748,7.518932968,44.61916059,81.71938821,27.95137904
202,35713.27491,38731.02546,33861.58355,33495.07783,36296.30451,63993.6294,9123.148114,21110.47455,16508.83277,23894.51742,15116.81133,20900.68851,3478.031473,1527.460408,1318.936707,3318.504728,5318.072749,2422.982568
203,18281.49629,20122.19858,16687.57041,19278.61067,18404.8845,252749.1078,3343.861064,9924.032567,7682.667467,12021.47387,6633.946816,12430.53793,1315.174664,423.0462987,474.7381153,1067.683897,1660.629678,745.3650979
204,7.51248436,11.21454121,7.497588693,13.12553764,9.356064952,14.98329871,3.774776778,18.97285029,6.570542911,9.366309044,11.37381353,78.18358553,49124.82681,15218059,16860.05491,26395.16293,35930.27094,20806.61096
205,3504.657431,3966.122949,3152.323444,4009.453318,3559.223197,4052.689069,814.5732284,1557.234318,991.9057497,1169.238271,1185.903773,1463.502133,22916.35907,8297.359909,8595.72088,14580.52534,20565.32979,11438.94262
206,10919.2951,12338.10551,10826.25808,10158.33654,11582.1818,17170.95747,6281.480972,8455.441847,7586.268968,8891.056963,7368.46141,9594.709519,55708.59059,23288.70748,24005.61158,35200.41818,46395.22478,29244.56283
207,35712.52027,44933.86444,24219.80257,29649.52892,34576.83351,31373.51052,24526.45807,65308.50757,29655.40289,34784.34771,44917.48282,28163.37712,31346.33772,4679.188783,6623.500688,8848.115074,11072.72946,6763.651929
208,6898.76324,9967.401049,6799.440239,5876.674213,8383.420644,7780.274391,75353.69123,180411.0533,44151.89126,12950.09128,127882.3723,36640.28403,18215.69685,9095.807487,6405.320575,10371.64335,14337.96612,9733.725419
209,148208.3669,109595.8182,142343.4818,128137.7823,125969.65,89892.27863,25021.82781,51741.40108,35328.43525,45635.04268,38381.61445,58355.58688,0.0122443,1.331215155,5.122155451,0.417456541,2.641151145,0.874335848
210,13547334,14760.72233,11678.51603,13796.14133,13219.61918,12664.16183,2506.635523,4322.56448,3517.611766,4528.588009,3414.600002,5114.814333,3.850051709,2.31155651,0.415415452,8.145144511,6.415415119,5.228350511
211,41468.42963,42954.77376,36407.74697,36676.01885,39681.26036,29780.17682,4860.97294,8424.809421,6829.512016,8798.051092,6642.891181,10084.75704,1.651741752,4.145511551,11.8411151,6.154515542,7.151541541,5.150013547
212,47521.9436,40172.34557,41906.16798,41054.73655,41039.25678,38094.79553,7748.100835,13901.66101,10617.62211,13487.14339,10824.88092,17766.49593,2.015115155,9.115415512,6.51544151,8.154118515,3.411514454,8.634767014
